id	file	artist	title	year	standard	audio	renderer	copyright	extra
0	01Piano	平下政志, 平下和子	Piano Demo	2001	GM2, SD	SD-90	Romantique Tp	2001 © Roland Corporation	
1	02Ep	平下政志, 平下和子	Electric Piano Demo	2001	GM2, SD	SD-90	Romantique Tp	2001 © Roland Corporation	
2	03Drum	Roland	Drums Demo	2001	GM2, SD	SD-90	Romantique Tp	2001 © Roland Corporation	
3	04NylonG	久光浩, 本郷久恵	Nylon Guitar Demo	2001	GM2, SD	SD-90	Romantique Tp	2001 © Roland Corporation	
4	05Blues	Music Brains	Blues Guitar Demo	2001	SD	SD-90	Romantique Tp	2001 © Roland Corporation	
5	06JazzGt	Music Brains	Jazz Guitar Demo	2001	SD	SD-90	Romantique Tp	2001 © Roland Corporation	
6	07Gt_Org	Music Brains	Rock Guitar & Organ Demo	2001	SD	SD-90	Romantique Tp	2001 © Roland Corporation	
7	08Violin	平下政志, 平下和子	Violin Demo	2001	SD	SD-90	Romantique Tp	2001 © Roland Corporation	
8	09Cello	久光浩, 本郷久恵	Cello Demo	2001	GM2, SD	SD-90	Romantique Tp	2001 © Roland Corporation	
9	10JzFunk	Music Brains	Jazz Funk Demo	2001	SD	SD-90	Romantique Tp	2001 © Roland Corporation	
10	11Ts_Mtp	Music Brains	Tenor Sax & Muted Trumpet Demo	2001	SD	SD-90	Romantique Tp	2001 © Roland Corporation	
11	12Saxs	Music Brains	Sax Section Demo	2001	SD	SD-90	Romantique Tp	2001 © Roland Corporation	
12	13Tpt	Music Brains	Trumpet Demo	2001	SD	SD-90	Romantique Tp	2001 © Roland Corporation	
13	14WindOc	久光浩, 本郷久恵	Woodwind & Orchestra Demo	2001	GM2, SD	SD-90	Romantique Tp	2001 © Roland Corporation	
14	15Salsa	Music Brains	Salsa Demo	2001	SD	SD-90	Romantique Tp	2001 © Roland Corporation	
15	16Techno	Music Brains	Techno Demo	2001	SD	SD-90	Romantique Tp	2001 © Roland Corporation	
16	17SD90_1	Idecs Music Software	The Happening	2001	SD	SD-90	Romantique Tp	2001 © Roland Corporation	
17	18SD90_2	久光浩, 本郷久恵	Fortune 2001	2001	SD	SD-90	Romantique Tp	2001 © Roland Corporation	
18	ROUND	恩田直幸	The Round Trip	2001	SD	SD-90	Romantique Tp	2001 © Roland Corporation	Converted by now_its_dark.
19	PASSING	Adrian Scott	Passing of Time	2001	SD	SD-90	Romantique Tp	2001 © Roland Corporation	
20	SOFAR	加藤雄紀	So Far, So Good	2001	SD	SD-90	Romantique Tp	2001 © Roland Corporation	No MIDI file available.
21	JOYFUL	Roland	Joyful Joyful	2001	SD	SD-90	Romantique Tp	2001 © Roland Corporation	No MIDI file available.
22	THISISIT	加藤雄紀	This is it!	2001	SD	SD-90	Romantique Tp	2001 © Roland Corporation	No MIDI file available.
